_io,asset_ID,pos_x,pos_y,pos_z,rot_w,rot_x,rot_y,rot_z,error,tracking_valid,frame,trial_num,block_num,practicing,left_right_hand,palm_back_hand,target_loc,distractor_loc,participant_id
<_io.BytesIO object at 0x000001E8C3A930E0>,1058926019,0.1413377821445465,0.24005143344402313,2.802596928649634e-45,1.064986832886861e-43,1.401298464324817e-45,0.2578432857990265,0.001537636504508555,-0.01742236688733101,-32373,1094109,6,5,True,Left,Front,Centre,Right,81
<_io.BytesIO object at 0x000001E8C3A94EF0>,1058902767,0.07066245377063751,0.14323590695858002,2.802596928649634e-45,1.064986832886861e-43,1.401298464324817e-45,0.25774604082107544,0.0014984630979597569,-0.017463404685258865,-25883,1094111,6,5,True,Left,Front,Centre,Right,81
<_io.BytesIO object at 0x000001E8C3AFE450>,1058806917,0.133565753698349,0.2781219184398651,2.802596928649634e-45,1.064986832886861e-43,1.401298464324817e-45,0.2574557662010193,0.001543483347631991,-0.017616860568523407,-12347,1094115,6,5,True,Left,Front,Centre,Right,81
<_io.BytesIO object at 0x000001E8C3AFECC0>,1057409549,0.08990848809480667,0.27075833082199097,2.802596928649634e-45,1.064986832886861e-43,1.401298464324817e-45,0.2574874758720398,0.0018513594986870885,-0.016669176518917084,3632,1094225,6,5,True,Left,Front,Centre,Right,81
