_io,asset_ID,pos_x,pos_y,pos_z,rot_w,rot_x,rot_y,rot_z,error,tracking_valid,frame,trial_num,block_num,practicing,left_right_hand,palm_back_hand,target_loc,distractor_loc,participant_id
<_io.BytesIO object at 0x000001E89D499EA0>,1058153410,0.07806814461946487,0.34448301792144775,2.802596928649634e-45,1.064986832886861e-43,1.401298464324817e-45,0.528231143951416,0.10510091483592987,0.30875879526138306,-15779,369110,3,5,True,Right,Back,Centre,Left,57
<_io.BytesIO object at 0x000001E89D33DD10>,1057602973,0.08311779797077179,0.3371092975139618,2.802596928649634e-45,1.064986832886861e-43,1.401298464324817e-45,0.4886420667171478,0.0957237258553505,0.3005061447620392,-15724,369151,3,5,True,Right,Back,Centre,Left,57
<_io.BytesIO object at 0x000001E89D392180>,1055866535,0.1338082253932953,0.34405842423439026,0.48083141446113586,0.0985197126865387,0.2666865587234497,0.5187519788742065,0.09188611805438995,0.26570263504981995,2,369157,3,5,True,Right,Back,Centre,Left,57
<_io.BytesIO object at 0x000001E89D392630>,4980736,9.183549615799121e-41,-1672.0,18382330.0,-5.386666009364571e-23,7.071903312039117e+16,1.2176441543942929e-07,0.5966386198997498,1.5008007989405544e-20,-16579,369157,3,5,True,Right,Back,Centre,Left,57
<_io.BytesIO object at 0x000001E89D3B1590>,0,1.8367099231598242e-40,-6.556510925292969e-07,6.759283355251e-09,1.2534982751518932e-29,-0.0002438966475892812,4.7238285467510535e-14,-3.805597872420796e-13,-4.0528034644522955e-19,16253,369157,3,5,True,Right,Back,Centre,Left,57
