_io,asset_ID,pos_x,pos_y,pos_z,rot_w,rot_x,rot_y,rot_z,error,tracking_valid,frame,trial_num,block_num,practicing,left_right_hand,palm_back_hand,target_loc,distractor_loc,participant_id
<_io.BytesIO object at 0x0000023B723F22C0>,1058520157,0.14218859374523163,0.32201167941093445,2.802596928649634e-45,1.064986832886861e-43,1.401298464324817e-45,0.2339347004890442,0.030853623524308205,-0.015682866796851158,-12911,293697,3,1,True,Left,Front,Centre,Right,53
<_io.BytesIO object at 0x0000023B723D7810>,1058494572,0.14193817973136902,0.3220416307449341,2.802596928649634e-45,1.064986832886861e-43,1.401298464324817e-45,0.2339218109846115,0.03086480312049389,-0.015680167824029922,-24874,293698,3,1,True,Left,Front,Centre,Right,53
<_io.BytesIO object at 0x0000023B750F44A0>,1058467909,0.14182829856872559,0.3220631182193756,2.802596928649634e-45,1.064986832886861e-43,1.401298464324817e-45,0.23392215371131897,0.030856598168611526,-0.015673788264393806,28508,293699,3,1,True,Left,Front,Centre,Right,53
<_io.BytesIO object at 0x0000023B750D8590>,1058447569,0.14160852134227753,0.3221414089202881,2.802596928649634e-45,1.064986832886861e-43,1.401298464324817e-45,0.23392216861248016,0.030851690098643303,-0.01567947305738926,19695,293700,3,1,True,Left,Front,Centre,Right,53
<_io.BytesIO object at 0x0000023B750F2A90>,1058428310,0.1412828415632248,0.32218801975250244,2.802596928649634e-45,1.064986832886861e-43,1.401298464324817e-45,0.2339296042919159,0.030844686552882195,-0.015682224184274673,12105,293701,3,1,True,Left,Front,Centre,Right,53
<_io.BytesIO object at 0x0000023B751070E0>,1058407580,0.1410384178161621,0.322089821100235,2.802596928649634e-45,1.064986832886861e-43,1.401298464324817e-45,0.2339339703321457,0.03084489330649376,-0.015695055946707726,13155,293702,3,1,True,Left,Front,Centre,Right,53
<_io.BytesIO object at 0x0000023B751092C0>,1059732707,0.08320600539445877,0.32279157638549805,2.802596928649634e-45,1.064986832886861e-43,1.401298464324817e-45,0.2339353710412979,0.030837811529636383,-0.015716711059212685,25747,293704,3,1,True,Left,Front,Centre,Right,53
