_io,asset_ID,pos_x,pos_y,pos_z,rot_w,rot_x,rot_y,rot_z,error,tracking_valid,frame,trial_num,block_num,practicing,left_right_hand,palm_back_hand,target_loc,distractor_loc,participant_id
<_io.BytesIO object at 0x0000023B723FC5E0>,1058260011,0.08405594527721405,0.3069310188293457,2.802596928649634e-45,1.064986832886861e-43,1.401298464324817e-45,0.2342117726802826,0.03087100386619568,-0.016781914979219437,28370,294728,5,1,True,Left,Front,Centre,Left,53
