_io,asset_ID,pos_x,pos_y,pos_z,rot_w,rot_x,rot_y,rot_z,error,tracking_valid,frame,trial_num,block_num,practicing,left_right_hand,palm_back_hand,target_loc,distractor_loc,participant_id
<_io.BytesIO object at 0x0000023B750D81D0>,1060585589,0.06960105895996094,0.2854858934879303,2.802596928649634e-45,1.064986832886861e-43,1.401298464324817e-45,0.23456250131130219,0.031310830265283585,-0.015833338722586632,-6288,294344,4,1,True,Left,Front,Left,Centre,53
<_io.BytesIO object at 0x0000023B750D8450>,1059110980,0.10155687481164932,0.26473286747932434,2.802596928649634e-45,1.064986832886861e-43,1.401298464324817e-45,0.234576016664505,0.03131439909338951,-0.01586318574845791,-16053,294345,4,1,True,Left,Front,Left,Centre,53
