_io,asset_ID,pos_x,pos_y,pos_z,rot_w,rot_x,rot_y,rot_z,error,tracking_valid,frame,trial_num,block_num,practicing,left_right_hand,palm_back_hand,target_loc,distractor_loc,participant_id
<_io.BytesIO object at 0x00000178E5F8B680>,1060519459,0.12018244713544846,-0.13938389718532562,2.802596928649634e-45,1.064986832886861e-43,2.802596928649634e-45,0.6641517877578735,0.1025814339518547,-0.10056896507740021,-31529,135047,1,1,True,Left,Front,Right,Centre,62
<_io.BytesIO object at 0x00000178E5FDB860>,1060539764,0.12045886367559433,-0.1395767331123352,2.802596928649634e-45,1.064986832886861e-43,2.802596928649634e-45,0.6654467582702637,0.10405059903860092,-0.10022752732038498,-19910,135048,1,1,True,Left,Front,Right,Centre,62
<_io.BytesIO object at 0x00000178E5FCE360>,1060542441,0.12027682363986969,-0.1400262415409088,2.802596928649634e-45,1.064986832886861e-43,2.802596928649634e-45,0.6666788458824158,0.10537147521972656,-0.09986226260662079,17397,135049,1,1,True,Left,Front,Right,Centre,62
<_io.BytesIO object at 0x00000178E5FE14F0>,1060539268,0.12051231414079666,-0.14029709994792938,2.802596928649634e-45,1.064986832886861e-43,2.802596928649634e-45,0.6678109765052795,0.1065734252333641,-0.09955781698226929,-28105,135050,1,1,True,Left,Front,Right,Centre,62
<_io.BytesIO object at 0x00000178E5FDB720>,1060536393,0.12072572857141495,-0.14054255187511444,2.802596928649634e-45,1.064986832886861e-43,2.802596928649634e-45,0.6689833402633667,0.10755521804094315,-0.09937474131584167,1883,135051,1,1,True,Left,Front,Right,Centre,62
