_io,asset_ID,pos_x,pos_y,pos_z,rot_w,rot_x,rot_y,rot_z,error,tracking_valid,frame,trial_num,block_num,practicing,left_right_hand,palm_back_hand,target_loc,distractor_loc,participant_id
<_io.BytesIO object at 0x000001F6CFEA8360>,1057993077,0.08473523706197739,0.1408882886171341,2.802596928649634e-45,1.064986832886861e-43,1.401298464324817e-45,0.5960532426834106,0.10018759965896606,0.17468897998332977,-27307,500655,5,1,True,Right,Back,Centre,Right,80
<_io.BytesIO object at 0x000001F6D2BDF400>,1059175140,0.05196939408779144,0.2240416258573532,2.802596928649634e-45,1.064986832886861e-43,1.401298464324817e-45,0.5994973182678223,0.1005173772573471,0.18781815469264984,-5171,500657,5,1,True,Right,Back,Centre,Right,80
