_io,asset_ID,pos_x,pos_y,pos_z,rot_w,rot_x,rot_y,rot_z,error,tracking_valid,frame,trial_num,block_num,practicing,left_right_hand,palm_back_hand,target_loc,distractor_loc,participant_id
<_io.BytesIO object at 0x0000020FB73F5540>,1056855890,0.13391612470149994,0.2425471395254135,2.802596928649634e-45,1.064986832886861e-43,4.203895392974451e-45,0.560529887676239,0.13324543833732605,0.20321813225746155,-205,217902,5,1,True,Left,Front,Centre,Right,52
<_io.BytesIO object at 0x0000020FB749ABD0>,1058264872,0.14465636014938354,0.24298502504825592,2.802596928649634e-45,1.064986832886861e-43,4.203895392974451e-45,0.5549601912498474,0.15515261888504028,0.17521047592163086,-7530,217927,5,1,True,Left,Front,Centre,Right,52
<_io.BytesIO object at 0x0000020FB749A4F0>,1058934480,0.14838500320911407,0.2571392059326172,2.802596928649634e-45,1.064986832886861e-43,4.203895392974451e-45,0.5787145495414734,0.12104267627000809,0.26905250549316406,5053,217970,5,1,True,Left,Front,Centre,Right,52
<_io.BytesIO object at 0x0000020FB73C0B30>,1058959801,0.14559030532836914,0.33769235014915466,2.802596928649634e-45,1.064986832886861e-43,4.203895392974451e-45,0.5940018892288208,0.12274667620658875,0.285331666469574,25899,217976,5,1,True,Left,Front,Centre,Right,52
<_io.BytesIO object at 0x0000020FB749A5E0>,1059046465,0.14419035613536835,0.3388891816139221,2.802596928649634e-45,1.064986832886861e-43,4.203895392974451e-45,0.5978309512138367,0.12243203818798065,0.2870553731918335,1145,217977,5,1,True,Left,Front,Centre,Right,52
<_io.BytesIO object at 0x0000020FB4698680>,1059127438,0.14283931255340576,0.33965304493904114,2.802596928649634e-45,1.064986832886861e-43,4.203895392974451e-45,0.6019918918609619,0.12184470146894455,0.2886418402194977,16129,217978,5,1,True,Left,Front,Centre,Right,52
<_io.BytesIO object at 0x0000020FB73F5D60>,1059203491,0.14167404174804688,0.340156614780426,2.802596928649634e-45,1.064986832886861e-43,4.203895392974451e-45,0.6061006188392639,0.12123043835163116,0.2900468111038208,-30209,217979,5,1,True,Left,Front,Centre,Right,52
