_io,asset_ID,pos_x,pos_y,pos_z,rot_w,rot_x,rot_y,rot_z,error,tracking_valid,frame,trial_num,block_num,practicing,left_right_hand,palm_back_hand,target_loc,distractor_loc,participant_id
<_io.BytesIO object at 0x0000029FC4A1C5E0>,1058996944,0.09837398678064346,0.29567962884902954,2.802596928649634e-45,1.064986832886861e-43,1.401298464324817e-45,0.47469961643218994,0.1516929417848587,0.2413838654756546,-18037,832604,3,1,True,Left,Back,Centre,Left,64
<_io.BytesIO object at 0x0000029FC1C659A0>,1059008477,0.16574347019195557,0.23765599727630615,0.622844398021698,0.12809647619724274,0.2546478807926178,0.6449438333511353,0.10144118219614029,0.3255506157875061,2,832613,3,1,True,Left,Back,Centre,Left,64
<_io.BytesIO object at 0x0000029FC1C65400>,4980736,9.183549615799121e-41,8.16594296420188e-32,15753657974784.0,1.2121438401624385e-11,-0.00026558685931377113,-3.6707784468584295e+22,2998836224.0,1.4903269805259527e+25,16237,832613,3,1,True,Left,Back,Centre,Left,64
<_io.BytesIO object at 0x0000029FC1C65A90>,0,1.8367099231598242e-40,1.940976272077761e-34,1.5607528441912934e-30,8.218460246162709e-21,1.182033943534073e+23,-2.012377681574378e-34,-32245176320.0,-3.366667726822925e-07,16132,832613,3,1,True,Left,Back,Centre,Left,64
