_io,asset_ID,pos_x,pos_y,pos_z,rot_w,rot_x,rot_y,rot_z,error,tracking_valid,frame,trial_num,block_num,practicing,left_right_hand,palm_back_hand,target_loc,distractor_loc,participant_id
<_io.BytesIO object at 0x000001E89A5D7C70>,1062017185,0.08120828121900558,0.2623491883277893,2.802596928649634e-45,1.064986832886861e-43,1.401298464324817e-45,0.19082146883010864,-0.1068570613861084,-0.14645938575267792,1648,407481,3,7,True,Left,Front,Left,Right,57
<_io.BytesIO object at 0x000001E89A5C5D10>,1061358192,0.04996118322014809,0.3070908188819885,2.802596928649634e-45,1.064986832886861e-43,1.401298464324817e-45,0.1866910755634308,-0.10112667083740234,-0.15368402004241943,21075,407490,3,7,True,Left,Front,Left,Right,57
<_io.BytesIO object at 0x000001E89A56EBD0>,1061317282,0.04969290271401405,0.309404581785202,2.802596928649634e-45,1.064986832886861e-43,1.401298464324817e-45,0.18637405335903168,-0.10069404542446136,-0.15467089414596558,20340,407491,3,7,True,Left,Front,Left,Right,57
<_io.BytesIO object at 0x000001E89A56BEF0>,1061800875,0.15935702621936798,0.32839199900627136,2.802596928649634e-45,1.064986832886861e-43,1.401298464324817e-45,0.18608355522155762,-0.10029331594705582,-0.15564967691898346,18587,407492,3,7,True,Left,Front,Left,Right,57
<_io.BytesIO object at 0x000001E89D3332C0>,1060546719,0.056546587496995926,0.28140023350715637,2.802596928649634e-45,1.064986832886861e-43,1.401298464324817e-45,0.18525481224060059,-0.09889465570449829,-0.1621854603290558,11423,407498,3,7,True,Left,Front,Left,Right,57
