_io,asset_ID,pos_x,pos_y,pos_z,rot_w,rot_x,rot_y,rot_z,error,tracking_valid,frame,trial_num,block_num,practicing,left_right_hand,palm_back_hand,target_loc,distractor_loc,participant_id
<_io.BytesIO object at 0x000001A1F171BBD0>,1061816999,0.05967848747968674,0.2047315537929535,2.802596928649634e-45,1.064986832886861e-43,2.802596928649634e-45,0.7791281938552856,0.09836366027593613,0.17620022594928741,11378,113990,4,3,True,Left,Front,Left,Right,72
<_io.BytesIO object at 0x000001A1F1711D10>,1059369294,0.14280007779598236,0.14812646806240082,2.802596928649634e-45,1.064986832886861e-43,2.802596928649634e-45,0.6790042519569397,0.15250585973262787,0.18156935274600983,-9172,114072,4,3,True,Left,Front,Left,Right,72
<_io.BytesIO object at 0x000001A1F16FF130>,1059398762,0.14544381201267242,0.14082340896129608,2.802596928649634e-45,1.064986832886861e-43,2.802596928649634e-45,0.6769519448280334,0.15138190984725952,0.17654657363891602,-12571,114073,4,3,True,Left,Front,Left,Right,72
